Workbook
Name 割引内訳リスト: [1]!割引リスト[割引リスト]

Sheet R7_物販
A1: 日付 | B1: 図版コード | C1: 図録・絵葉書 | D1: 販売数 | E1: 物販単価 | F1: 物販合計 | G1: 展覧会名
A2: 45748 | B2: P：絵葉書 | C2: 絵葉書（＠100円） | D2: 2 | E2: =IF(C2="","",IFERROR(VLOOKUP(C2,[1]図録リスト!$B$3:$C$10,2,FALSE),"")) | F2: =IF(OR(D2="",E2=""),"",D2*E2) | G2: 1_春季展_前期
A3: 45750 | B3: P：絵葉書 | C3: 絵葉書（＠100円） | D3: 2 | E3: =IF(C3="","",IFERROR(VLOOKUP(C3,[1]図録リスト!$B$3:$C$10,2,FALSE),"")) | F3: =IF(OR(D3="",E3=""),"",D3*E3) | G3: 1_春季展_前期
A4: 45751 | B4: P：絵葉書 | C4: 絵葉書（＠100円） | D4: 4 | E4: =IF(C4="","",IFERROR(VLOOKUP(C4,[1]図録リスト!$B$3:$C$10,2,FALSE),"")) | F4: =IF(OR(D4="",E4=""),"",D4*E4) | G4: 1_春季展_前期
A5: 45752 | B5: P：絵葉書 | C5: 絵葉書（＠100円） | D5: 6 | E5: =IF(C5="","",IFERROR(VLOOKUP(C5,[1]図録リスト!$B$3:$C$10,2,FALSE),"")) | F5: =IF(OR(D5="",E5=""),"",D5*E5) | G5: 1_春季展_前期
A6: 45756 | B6: Q：図録 | C6: 村上華岳・須田国太郎展 | D6: 1 | E6: =IF(C6="","",IFERROR(VLOOKUP(C6,[1]図録リスト!$B$3:$C$10,2,FALSE),"")) | F6: =IF(OR(D6="",E6=""),"",D6*E6) | G6: 1_春季展_前期
A7: 45756 | B7: P：絵葉書 | C7: 絵葉書（＠100円） | D7: 3 | E7: =IF(C7="","",IFERROR(VLOOKUP(C7,[1]図録リスト!$B$3:$C$10,2,FALSE),"")) | F7: =IF(OR(D7="",E7=""),"",D7*E7) | G7: 1_春季展_前期
A8: 45757 | B8: P：絵葉書 | C8: 絵葉書（＠100円） | D8: 9 | E8: =IF(C8="","",IFERROR(VLOOKUP(C8,[1]図録リスト!$B$3:$C$10,2,FALSE),"")) | F8: =IF(OR(D8="",E8=""),"",D8*E8) | G8: 1_春季展_前期
A9: 45759 | B9: P：絵葉書 | C9: 絵葉書（＠100円） | D9: 1 | E9: =IF(C9="","",IFERROR(VLOOKUP(C9,[1]図録リスト!$B$3:$C$10,2,FALSE),"")) | F9: =IF(OR(D9="",E9=""),"",D9*E9) | G9: 1_春季展_前期
A10: 45760 | B10: P：絵葉書 | C10: 絵葉書（＠100円） | D10: 1 | E10: =IF(C10="","",IFERROR(VLOOKUP(C10,[1]図録リスト!$B$3:$C$10,2,FALSE),"")) | F10: =IF(OR(D10="",E10=""),"",D10*E10) | G10: 1_春季展_前期
A11: 45769 | B11: Q：図録 | C11: 作品選 | D11: 1 | E11: =IF(C11="","",IFERROR(VLOOKUP(C11,[1]図録リスト!$B$3:$C$10,2,FALSE),"")) | F11: =IF(OR(D11="",E11=""),"",D11*E11) | G11: 2_春季展_後期
A12: 45771 | B12: Q：図録 | C12: 作品選 | D12: 1 | E12: =IF(C12="","",IFERROR(VLOOKUP(C12,[1]図録リスト!$B$3:$C$10,2,FALSE),"")) | F12: =IF(OR(D12="",E12=""),"",D12*E12) | G12: 2_春季展_後期
A13: 45773 | B13: P：絵葉書 | C13: 絵葉書（＠100円） | D13: 2 | E13: =IF(C13="","",IFERROR(VLOOKUP(C13,[1]図録リスト!$B$3:$C$10,2,FALSE),"")) | F13: =IF(OR(D13="",E13=""),"",D13*E13) | G13: 2_春季展_後期
... A138: 46122 | B138: P：ポスター | C138: ポスター | D138: 1 | E138: =IF(C138="","",IFERROR(VLOOKUP(C138,[1]図録リスト!$B$3:$C$10,2,FALSE),"")) | F138: =IF(OR(D138="",E138=""),"",D138*E138) | G138: 1_春季展_前期
E139: =IF(C139="","",IFERROR(VLOOKUP(C139,[1]図録リスト!$B$3:$C$10,2,FALSE),"")) | F139: =IF(OR(D139="",E139=""),"",D139*E139)
E140: =IF(C140="","",IFERROR(VLOOKUP(C140,[1]図録リスト!$B$3:$C$10,2,FALSE),"")) | F140: =IF(OR(D140="",E140=""),"",D140*E140)
E141: =IF(C141="","",IFERROR(VLOOKUP(C141,[1]図録リスト!$B$3:$C$10,2,FALSE),"")) | F141: =IF(OR(D141="",E141=""),"",D141*E141)
E142: =IF(C142="","",IFERROR(VLOOKUP(C142,[1]図録リスト!$B$3:$C$10,2,FALSE),"")) | F142: =IF(OR(D142="",E142=""),"",D142*E142)
E143: =IF(C143="","",IFERROR(VLOOKUP(C143,[1]図録リスト!$B$3:$C$10,2,FALSE),"")) | F143: =IF(OR(D143="",E143=""),"",D143*E143)
E144: =IF(C144="","",IFERROR(VLOOKUP(C144,[1]図録リスト!$B$3:$C$10,2,FALSE),"")) | F144: =IF(OR(D144="",E144=""),"",D144*E144)
E145: =IF(C145="","",IFERROR(VLOOKUP(C145,[1]図録リスト!$B$3:$C$10,2,FALSE),"")) | F145: =IF(OR(D145="",E145=""),"",D145*E145)
E146: =IF(C146="","",IFERROR(VLOOKUP(C146,[1]図録リスト!$B$3:$C$10,2,FALSE),"")) | F146: =IF(OR(D146="",E146=""),"",D146*E146)
E147: =IF(C147="","",IFERROR(VLOOKUP(C147,[1]図録リスト!$B$3:$C$10,2,FALSE),"")) | F147: =IF(OR(D147="",E147=""),"",D147*E147)
E148: =IF(C148="","",IFERROR(VLOOKUP(C148,[1]図録リスト!$B$3:$C$10,2,FALSE),"")) | F148: =IF(OR(D148="",E148=""),"",D148*E148)
E149: =IF(C149="","",IFERROR(VLOOKUP(C149,[1]図録リスト!$B$3:$C$10,2,FALSE),"")) | F149: =IF(OR(D149="",E149=""),"",D149*E149)
E150: =IF(C150="","",IFERROR(VLOOKUP(C150,[1]図録リスト!$B$3:$C$10,2,FALSE),"")) | F150: =IF(OR(D150="",E150=""),"",D150*E150)
... E10000: =IF(C10000="","",IFERROR(VLOOKUP(C10000,[1]図録リスト!$B$3:$C$10,2,FALSE),"")) | F10000: =IF(OR(D10000="",E10000=""),"",D10000*E10000)

Sheet 図録リスト
B2: 図録・絵葉書 | C2: 金額 | D2: 図版コード2
B3: 作品選 | C3: 2000 | D3: Q：図録
B4: 長谷川潔・駒井哲郎 | C4: 300 | D4: Q：図録
B5: 村上華岳展 | C5: 1000 | D5: Q：図録
B6: 須田国太郎・鳥海青児展 | C6: 1000 | D6: Q：図録
B7: 入江波光展 | C7: 1000 | D7: Q：図録
B8: 村上華岳・須田国太郎展 | C8: 1000 | D8: Q：図録
B9: 絵葉書（＠100円） | C9: 100 | D9: P：絵葉書
B10: 絵葉書（＠50円） | C10: 50 | D10: P：絵葉書
