Workbook
Name 割引内訳リスト: 割引リスト[割引リスト]

Sheet R7_入館者
A1: 日付 | B1: 入館者コード | C1: 入館者分類 | D1: 割引リスト | E1: 入場者数 | F1: 入館料単価 | G1: 入館料合計 | H1: 展覧会名
A2: 45748 | B2: B：シニア | C2: シニア | E2: 5 | F2: =IF(C2="","",IFERROR(VLOOKUP(C2,[1]リスト!$B$3:$C$17,2,FALSE),"")) | G2: =IF(OR(E2="",F2=""),"",E2*F2) | H2: 1_春季展_前期
A3: 45748 | B3: C：学生 | C3: 学生 | E3: 1 | F3: =IF(C3="","",IFERROR(VLOOKUP(C3,[1]リスト!$B$3:$C$17,2,FALSE),"")) | G3: =IF(OR(E3="",F3=""),"",E3*F3) | H3: 1_春季展_前期
A4: 45749 | B4: A：一般 | C4: 一般 | E4: 1 | F4: =IF(C4="","",IFERROR(VLOOKUP(C4,[1]リスト!$B$3:$C$17,2,FALSE),"")) | G4: =IF(OR(E4="",F4=""),"",E4*F4) | H4: 1_春季展_前期
A5: 45749 | B5: B：シニア | C5: シニア | E5: 9 | F5: =IF(C5="","",IFERROR(VLOOKUP(C5,[1]リスト!$B$3:$C$17,2,FALSE),"")) | G5: =IF(OR(E5="",F5=""),"",E5*F5) | H5: 1_春季展_前期
A6: 45750 | B6: A：一般 | C6: 一般 | E6: 3 | F6: =IF(C6="","",IFERROR(VLOOKUP(C6,[1]リスト!$B$3:$C$17,2,FALSE),"")) | G6: =IF(OR(E6="",F6=""),"",E6*F6) | H6: 1_春季展_前期
A7: 45750 | B7: B：シニア | C7: シニア（割引） | D7: 優待割引 | E7: 3 | F7: =IF(C7="","",IFERROR(VLOOKUP(C7,[1]リスト!$B$3:$C$17,2,FALSE),"")) | G7: =IF(OR(E7="",F7=""),"",E7*F7) | H7: 1_春季展_前期
A8: 45751 | B8: B：シニア | C8: シニア | E8: 3 | F8: =IF(C8="","",IFERROR(VLOOKUP(C8,[1]リスト!$B$3:$C$17,2,FALSE),"")) | G8: =IF(OR(E8="",F8=""),"",E8*F8) | H8: 1_春季展_前期
A9: 45751 | B9: A：一般 | C9: 一般（特別優待） | D9: 特別優待割引 | E9: 2 | F9: =IF(C9="","",IFERROR(VLOOKUP(C9,[1]リスト!$B$3:$C$17,2,FALSE),"")) | G9: =IF(OR(E9="",F9=""),"",E9*F9) | H9: 1_春季展_前期
A10: 45751 | B10: F：招待券 | C10: 招待券 | E10: 2 | F10: =IF(C10="","",IFERROR(VLOOKUP(C10,[1]リスト!$B$3:$C$17,2,FALSE),"")) | G10: =IF(OR(E10="",F10=""),"",E10*F10) | H10: 1_春季展_前期
A11: 45752 | B11: A：一般 | C11: 一般 | E11: 2 | F11: =IF(C11="","",IFERROR(VLOOKUP(C11,[1]リスト!$B$3:$C$17,2,FALSE),"")) | G11: =IF(OR(E11="",F11=""),"",E11*F11) | H11: 1_春季展_前期
A12: 45752 | B12: A：一般 | C12: 一般（割引） | D12: HP | E12: 1 | F12: =IF(C12="","",IFERROR(VLOOKUP(C12,[1]リスト!$B$3:$C$17,2,FALSE),"")) | G12: =IF(OR(E12="",F12=""),"",E12*F12) | H12: 1_春季展_前期
A13: 45752 | B13: B：シニア | C13: シニア | E13: 3 | F13: =IF(C13="","",IFERROR(VLOOKUP(C13,[1]リスト!$B$3:$C$17,2,FALSE),"")) | G13: =IF(OR(E13="",F13=""),"",E13*F13) | H13: 1_春季展_前期
A14: 45752 | B14: B：シニア | C14: シニア（割引） | D14: HP | E14: 1 | F14: =IF(C14="","",IFERROR(VLOOKUP(C14,[1]リスト!$B$3:$C$17,2,FALSE),"")) | G14: =IF(OR(E14="",F14=""),"",E14*F14) | H14: 1_春季展_前期
A15: 45752 | B15: F：招待券 | C15: 招待券 | E15: 2 | F15: =IF(C15="","",IFERROR(VLOOKUP(C15,[1]リスト!$B$3:$C$17,2,FALSE),"")) | G15: =IF(OR(E15="",F15=""),"",E15*F15) | H15: 1_春季展_前期
A16: 45753 | B16: A：一般 | C16: 一般 | E16: 2 | F16: =IF(C16="","",IFERROR(VLOOKUP(C16,[1]リスト!$B$3:$C$17,2,FALSE),"")) | G16: =IF(OR(E16="",F16=""),"",E16*F16) | H16: 1_春季展_前期
A17: 45753 | B17: B：シニア | C17: シニア | E17: 1 | F17: =IF(C17="","",IFERROR(VLOOKUP(C17,[1]リスト!$B$3:$C$17,2,FALSE),"")) | G17: =IF(OR(E17="",F17=""),"",E17*F17) | H17: 1_春季展_前期
A18: 45753 | B18: B：シニア | C18: シニア（割引） | D18: 優待割引 | E18: 1 | F18: =IF(C18="","",IFERROR(VLOOKUP(C18,[1]リスト!$B$3:$C$17,2,FALSE),"")) | G18: =IF(OR(E18="",F18=""),"",E18*F18) | H18: 1_春季展_前期
A19: 45755 | B19: A：一般 | C19: 一般 | E19: 2 | F19: =IF(C19="","",IFERROR(VLOOKUP(C19,[1]リスト!$B$3:$C$17,2,FALSE),"")) | G19: =IF(OR(E19="",F19=""),"",E19*F19) | H19: 1_春季展_前期
A20: 45755 | B20: B：シニア | C20: シニア | E20: 1 | F20: =IF(C20="","",IFERROR(VLOOKUP(C20,[1]リスト!$B$3:$C$17,2,FALSE),"")) | G20: =IF(OR(E20="",F20=""),"",E20*F20) | H20: 1_春季展_前期
A21: 45755 | B21: C：学生 | C21: 学生 | E21: 2 | F21: =IF(C21="","",IFERROR(VLOOKUP(C21,[1]リスト!$B$3:$C$17,2,FALSE),"")) | G21: =IF(OR(E21="",F21=""),"",E21*F21) | H21: 1_春季展_前期
A22: 45756 | B22: A：一般 | C22: 一般 | E22: 1 | F22: =IF(C22="","",IFERROR(VLOOKUP(C22,[1]リスト!$B$3:$C$17,2,FALSE),"")) | G22: =IF(OR(E22="",F22=""),"",E22*F22) | H22: 1_春季展_前期
A23: 45756 | B23: B：シニア | C23: シニア | E23: 3 | F23: =IF(C23="","",IFERROR(VLOOKUP(C23,[1]リスト!$B$3:$C$17,2,FALSE),"")) | G23: =IF(OR(E23="",F23=""),"",E23*F23) | H23: 1_春季展_前期
A24: 45757 | B24: A：一般 | C24: 一般（割引） | D24: HP | E24: 2 | F24: =IF(C24="","",IFERROR(VLOOKUP(C24,[1]リスト!$B$3:$C$17,2,FALSE),"")) | G24: =IF(OR(E24="",F24=""),"",E24*F24) | H24: 1_春季展_前期
A25: 45757 | B25: B：シニア | C25: シニア | E25: 2 | F25: =IF(C25="","",IFERROR(VLOOKUP(C25,[1]リスト!$B$3:$C$17,2,FALSE),"")) | G25: =IF(OR(E25="",F25=""),"",E25*F25) | H25: 1_春季展_前期
A26: 45757 | B26: F：招待券 | C26: 招待券 | E26: 2 | F26: =IF(C26="","",IFERROR(VLOOKUP(C26,[1]リスト!$B$3:$C$17,2,FALSE),"")) | G26: =IF(OR(E26="",F26=""),"",E26*F26) | H26: 1_春季展_前期
A27: 45758 | B27: B：シニア | C27: シニア | E27: 1 | F27: =IF(C27="","",IFERROR(VLOOKUP(C27,[1]リスト!$B$3:$C$17,2,FALSE),"")) | G27: =IF(OR(E27="",F27=""),"",E27*F27) | H27: 1_春季展_前期
A28: 45759 | B28: A：一般 | C28: 一般 | E28: 1 | F28: =IF(C28="","",IFERROR(VLOOKUP(C28,[1]リスト!$B$3:$C$17,2,FALSE),"")) | G28: =IF(OR(E28="",F28=""),"",E28*F28) | H28: 1_春季展_前期
A29: 45759 | B29: A：一般 | C29: 一般（割引） | D29: HP | E29: 2 | F29: =IF(C29="","",IFERROR(VLOOKUP(C29,[1]リスト!$B$3:$C$17,2,FALSE),"")) | G29: =IF(OR(E29="",F29=""),"",E29*F29) | H29: 1_春季展_前期
A30: 45759 | B30: A：一般 | C30: 一般（割引） | D30: リロクラブ | E30: 1 | F30: =IF(C30="","",IFERROR(VLOOKUP(C30,[1]リスト!$B$3:$C$17,2,FALSE),"")) | G30: =IF(OR(E30="",F30=""),"",E30*F30) | H30: 1_春季展_前期
A31: 45759 | B31: B：シニア | C31: シニア | E31: 3 | F31: =IF(C31="","",IFERROR(VLOOKUP(C31,[1]リスト!$B$3:$C$17,2,FALSE),"")) | G31: =IF(OR(E31="",F31=""),"",E31*F31) | H31: 1_春季展_前期
A32: 45759 | B32: B：シニア | C32: シニア（割引） | D32: リロクラブ | E32: 1 | F32: =IF(C32="","",IFERROR(VLOOKUP(C32,[1]リスト!$B$3:$C$17,2,FALSE),"")) | G32: =IF(OR(E32="",F32=""),"",E32*F32) | H32: 1_春季展_前期
A33: 45760 | B33: A：一般 | C33: 一般 | E33: 3 | F33: =IF(C33="","",IFERROR(VLOOKUP(C33,[1]リスト!$B$3:$C$17,2,FALSE),"")) | G33: =IF(OR(E33="",F33=""),"",E33*F33) | H33: 1_春季展_前期
A34: 45760 | B34: A：一般 | C34: 一般（割引） | D34: HP | E34: 2 | F34: =IF(C34="","",IFERROR(VLOOKUP(C34,[1]リスト!$B$3:$C$17,2,FALSE),"")) | G34: =IF(OR(E34="",F34=""),"",E34*F34) | H34: 1_春季展_前期
A35: 45760 | B35: B：シニア | C35: シニア | E35: 2 | F35: =IF(C35="","",IFERROR(VLOOKUP(C35,[1]リスト!$B$3:$C$17,2,FALSE),"")) | G35: =IF(OR(E35="",F35=""),"",E35*F35) | H35: 1_春季展_前期
A36: 45769 | B36: A：一般 | C36: 一般 | E36: 1 | F36: =IF(C36="","",IFERROR(VLOOKUP(C36,[1]リスト!$B$3:$C$17,2,FALSE),"")) | G36: =IF(OR(E36="",F36=""),"",E36*F36) | H36: 2_春季展_後期
A37: 45769 | B37: B：シニア | C37: シニア | E37: 2 | F37: =IF(C37="","",IFERROR(VLOOKUP(C37,[1]リスト!$B$3:$C$17,2,FALSE),"")) | G37: =IF(OR(E37="",F37=""),"",E37*F37) | H37: 2_春季展_後期
A38: 45770 | B38: A：一般 | C38: 一般 | E38: 1 | F38: =IF(C38="","",IFERROR(VLOOKUP(C38,[1]リスト!$B$3:$C$17,2,FALSE),"")) | G38: =IF(OR(E38="",F38=""),"",E38*F38) | H38: 2_春季展_後期
A39: 45770 | B39: B：シニア | C39: シニア | E39: 2 | F39: =IF(C39="","",IFERROR(VLOOKUP(C39,[1]リスト!$B$3:$C$17,2,FALSE),"")) | G39: =IF(OR(E39="",F39=""),"",E39*F39) | H39: 2_春季展_後期
A40: 45771 | B40: A：一般 | C40: 一般 | E40: 1 | F40: =IF(C40="","",IFERROR(VLOOKUP(C40,[1]リスト!$B$3:$C$17,2,FALSE),"")) | G40: =IF(OR(E40="",F40=""),"",E40*F40) | H40: 2_春季展_後期
A41: 45771 | B41: B：シニア | C41: シニア | E41: 4 | F41: =IF(C41="","",IFERROR(VLOOKUP(C41,[1]リスト!$B$3:$C$17,2,FALSE),"")) | G41: =IF(OR(E41="",F41=""),"",E41*F41) | H41: 2_春季展_後期
A42: 45771 | B42: B：シニア | C42: シニア（割引） | D42: 優待割引 | E42: 3 | F42: =IF(C42="","",IFERROR(VLOOKUP(C42,[1]リスト!$B$3:$C$17,2,FALSE),"")) | G42: =IF(OR(E42="",F42=""),"",E42*F42) | H42: 2_春季展_後期
A43: 45771 | B43: C：学生 | C43: 学生（割引） | D43: HP | E43: 1 | F43: =IF(C43="","",IFERROR(VLOOKUP(C43,[1]リスト!$B$3:$C$17,2,FALSE),"")) | G43: =IF(OR(E43="",F43=""),"",E43*F43) | H43: 2_春季展_後期
A44: 45772 | B44: A：一般 | C44: 一般 | E44: 4 | F44: =IF(C44="","",IFERROR(VLOOKUP(C44,[1]リスト!$B$3:$C$17,2,FALSE),"")) | G44: =IF(OR(E44="",F44=""),"",E44*F44) | H44: 2_春季展_後期
A45: 45772 | B45: A：一般 | C45: 一般（割引） | D45: HP | E45: 1 | F45: =IF(C45="","",IFERROR(VLOOKUP(C45,[1]リスト!$B$3:$C$17,2,FALSE),"")) | G45: =IF(OR(E45="",F45=""),"",E45*F45) | H45: 2_春季展_後期
A46: 45772 | B46: B：シニア | C46: シニア | E46: 3 | F46: =IF(C46="","",IFERROR(VLOOKUP(C46,[1]リスト!$B$3:$C$17,2,FALSE),"")) | G46: =IF(OR(E46="",F46=""),"",E46*F46) | H46: 2_春季展_後期
A47: 45772 | B47: B：シニア | C47: シニア（割引） | D47: JAF | E47: 2 | F47: =IF(C47="","",IFERROR(VLOOKUP(C47,[1]リスト!$B$3:$C$17,2,FALSE),"")) | G47: =IF(OR(E47="",F47=""),"",E47*F47) | H47: 2_春季展_後期
A48: 45773 | B48: A：一般 | C48: 一般 | E48: 2 | F48: =IF(C48="","",IFERROR(VLOOKUP(C48,[1]リスト!$B$3:$C$17,2,FALSE),"")) | G48: =IF(OR(E48="",F48=""),"",E48*F48) | H48: 2_春季展_後期
A49: 45773 | B49: A：一般 | C49: 一般（割引） | D49: HP | E49: 4 | F49: =IF(C49="","",IFERROR(VLOOKUP(C49,[1]リスト!$B$3:$C$17,2,FALSE),"")) | G49: =IF(OR(E49="",F49=""),"",E49*F49) | H49: 2_春季展_後期
A50: 45773 | B50: E：身障者 | C50: 身障者 | E50: 2 | F50: =IF(C50="","",IFERROR(VLOOKUP(C50,[1]リスト!$B$3:$C$17,2,FALSE),"")) | G50: =IF(OR(E50="",F50=""),"",E50*F50) | H50: 2_春季展_後期
A51: 45774 | B51: A：一般 | C51: 一般（割引） | D51: HP | E51: 1 | F51: =IF(C51="","",IFERROR(VLOOKUP(C51,[1]リスト!$B$3:$C$17,2,FALSE),"")) | G51: =IF(OR(E51="",F51=""),"",E51*F51) | H51: 2_春季展_後期
A52: 45774 | B52: A：一般 | C52: 一般（割引） | D52: 優待割引 | E52: 1 | F52: =IF(C52="","",IFERROR(VLOOKUP(C52,[1]リスト!$B$3:$C$17,2,FALSE),"")) | G52: =IF(OR(E52="",F52=""),"",E52*F52) | H52: 2_春季展_後期
A53: 45774 | B53: B：シニア | C53: シニア | E53: 1 | F53: =IF(C53="","",IFERROR(VLOOKUP(C53,[1]リスト!$B$3:$C$17,2,FALSE),"")) | G53: =IF(OR(E53="",F53=""),"",E53*F53) | H53: 2_春季展_後期
A54: 45776 | B54: A：一般 | C54: 一般 | E54: 2 | F54: =IF(C54="","",IFERROR(VLOOKUP(C54,[1]リスト!$B$3:$C$17,2,FALSE),"")) | G54: =IF(OR(E54="",F54=""),"",E54*F54) | H54: 2_春季展_後期
A55: 45776 | B55: A：一般 | C55: 一般（割引） | D55: HP | E55: 3 | F55: =IF(C55="","",IFERROR(VLOOKUP(C55,[1]リスト!$B$3:$C$17,2,FALSE),"")) | G55: =IF(OR(E55="",F55=""),"",E55*F55) | H55: 2_春季展_後期
A56: 45776 | B56: A：一般 | C56: 一般（割引） | D56: 朝日友の会 | E56: 1 | F56: =IF(C56="","",IFERROR(VLOOKUP(C56,[1]リスト!$B$3:$C$17,2,FALSE),"")) | G56: =IF(OR(E56="",F56=""),"",E56*F56) | H56: 2_春季展_後期
A57: 45776 | B57: B：シニア | C57: シニア | E57: 4 | F57: =IF(C57="","",IFERROR(VLOOKUP(C57,[1]リスト!$B$3:$C$17,2,FALSE),"")) | G57: =IF(OR(E57="",F57=""),"",E57*F57) | H57: 2_春季展_後期
A58: 45776 | B58: C：学生 | C58: 学生 | E58: 1 | F58: =IF(C58="","",IFERROR(VLOOKUP(C58,[1]リスト!$B$3:$C$17,2,FALSE),"")) | G58: =IF(OR(E58="",F58=""),"",E58*F58) | H58: 2_春季展_後期
A59: 45776 | B59: B：シニア | C59: シニア（割引） | D59: 優待割引 | E59: 2 | F59: =IF(C59="","",IFERROR(VLOOKUP(C59,[1]リスト!$B$3:$C$17,2,FALSE),"")) | G59: =IF(OR(E59="",F59=""),"",E59*F59) | H59: 2_春季展_後期
A60: 45777 | B60: A：一般 | C60: 一般 | E60: 1 | F60: =IF(C60="","",IFERROR(VLOOKUP(C60,[1]リスト!$B$3:$C$17,2,FALSE),"")) | G60: =IF(OR(E60="",F60=""),"",E60*F60) | H60: 2_春季展_後期
A61: 45777 | B61: A：一般 | C61: 一般（割引） | D61: HP | E61: 2 | F61: =IF(C61="","",IFERROR(VLOOKUP(C61,[1]リスト!$B$3:$C$17,2,FALSE),"")) | G61: =IF(OR(E61="",F61=""),"",E61*F61) | H61: 2_春季展_後期
A62: 45777 | B62: B：シニア | C62: シニア | E62: 4 | F62: =IF(C62="","",IFERROR(VLOOKUP(C62,[1]リスト!$B$3:$C$17,2,FALSE),"")) | G62: =IF(OR(E62="",F62=""),"",E62*F62) | H62: 2_春季展_後期
A63: 45777 | B63: B：シニア | C63: シニア（割引） | D63: 朝日友の会 | E63: 1 | F63: =IF(C63="","",IFERROR(VLOOKUP(C63,[1]リスト!$B$3:$C$17,2,FALSE),"")) | G63: =IF(OR(E63="",F63=""),"",E63*F63) | H63: 2_春季展_後期
A64: 45778 | B64: A：一般 | C64: 一般（割引） | D64: JAF | E64: 2 | F64: =IF(C64="","",IFERROR(VLOOKUP(C64,[1]リスト!$B$3:$C$17,2,FALSE),"")) | G64: =IF(OR(E64="",F64=""),"",E64*F64) | H64: 2_春季展_後期
A65: 45778 | B65: B：シニア | C65: シニア | E65: 6 | F65: =IF(C65="","",IFERROR(VLOOKUP(C65,[1]リスト!$B$3:$C$17,2,FALSE),"")) | G65: =IF(OR(E65="",F65=""),"",E65*F65) | H65: 2_春季展_後期
A66: 45778 | B66: B：シニア | C66: シニア（割引） | D66: HP | E66: 1 | F66: =IF(C66="","",IFERROR(VLOOKUP(C66,[1]リスト!$B$3:$C$17,2,FALSE),"")) | G66: =IF(OR(E66="",F66=""),"",E66*F66) | H66: 2_春季展_後期
A67: 45778 | B67: C：学生 | C67: 学生 | E67: 1 | F67: =IF(C67="","",IFERROR(VLOOKUP(C67,[1]リスト!$B$3:$C$17,2,FALSE),"")) | G67: =IF(OR(E67="",F67=""),"",E67*F67) | H67: 2_春季展_後期
A68: 45779 | B68: A：一般 | C68: 一般（割引） | D68: JAF | E68: 1 | F68: =IF(C68="","",IFERROR(VLOOKUP(C68,[1]リスト!$B$3:$C$17,2,FALSE),"")) | G68: =IF(OR(E68="",F68=""),"",E68*F68) | H68: 2_春季展_後期
A69: 45779 | B69: B：シニア | C69: シニア | E69: 2 | F69: =IF(C69="","",IFERROR(VLOOKUP(C69,[1]リスト!$B$3:$C$17,2,FALSE),"")) | G69: =IF(OR(E69="",F69=""),"",E69*F69) | H69: 2_春季展_後期
A70: 45780 | B70: A：一般 | C70: 一般 | E70: 4 | F70: =IF(C70="","",IFERROR(VLOOKUP(C70,[1]リスト!$B$3:$C$17,2,FALSE),"")) | G70: =IF(OR(E70="",F70=""),"",E70*F70) | H70: 2_春季展_後期
A71: 45780 | B71: A：一般 | C71: 一般（割引） | D71: HP | E71: 1 | F71: =IF(C71="","",IFERROR(VLOOKUP(C71,[1]リスト!$B$3:$C$17,2,FALSE),"")) | G71: =IF(OR(E71="",F71=""),"",E71*F71) | H71: 2_春季展_後期
A72: 45780 | B72: A：一般 | C72: 一般（割引） | D72: JAF | E72: 1 | F72: =IF(C72="","",IFERROR(VLOOKUP(C72,[1]リスト!$B$3:$C$17,2,FALSE),"")) | G72: =IF(OR(E72="",F72=""),"",E72*F72) | H72: 2_春季展_後期
A73: 45780 | B73: B：シニア | C73: シニア | E73: 1 | F73: =IF(C73="","",IFERROR(VLOOKUP(C73,[1]リスト!$B$3:$C$17,2,FALSE),"")) | G73: =IF(OR(E73="",F73=""),"",E73*F73) | H73: 2_春季展_後期
A74: 45780 | B74: C：学生 | C74: 学生 | E74: 2 | F74: =IF(C74="","",IFERROR(VLOOKUP(C74,[1]リスト!$B$3:$C$17,2,FALSE),"")) | G74: =IF(OR(E74="",F74=""),"",E74*F74) | H74: 2_春季展_後期
A75: 45781 | B75: A：一般 | C75: 一般 | E75: 3 | F75: =IF(C75="","",IFERROR(VLOOKUP(C75,[1]リスト!$B$3:$C$17,2,FALSE),"")) | G75: =IF(OR(E75="",F75=""),"",E75*F75) | H75: 2_春季展_後期
A76: 45781 | B76: A：一般 | C76: 一般（割引） | D76: HP | E76: 7 | F76: =IF(C76="","",IFERROR(VLOOKUP(C76,[1]リスト!$B$3:$C$17,2,FALSE),"")) | G76: =IF(OR(E76="",F76=""),"",E76*F76) | H76: 2_春季展_後期
A77: 45781 | B77: A：一般 | C77: 一般（割引） | D77: JAF | E77: 2 | F77: =IF(C77="","",IFERROR(VLOOKUP(C77,[1]リスト!$B$3:$C$17,2,FALSE),"")) | G77: =IF(OR(E77="",F77=""),"",E77*F77) | H77: 2_春季展_後期
A78: 45781 | B78: B：シニア | C78: シニア | E78: 2 | F78: =IF(C78="","",IFERROR(VLOOKUP(C78,[1]リスト!$B$3:$C$17,2,FALSE),"")) | G78: =IF(OR(E78="",F78=""),"",E78*F78) | H78: 2_春季展_後期
A79: 45781 | B79: E：身障者 | C79: 身障者 | E79: 1 | F79: =IF(C79="","",IFERROR(VLOOKUP(C79,[1]リスト!$B$3:$C$17,2,FALSE),"")) | G79: =IF(OR(E79="",F79=""),"",E79*F79) | H79: 2_春季展_後期
A80: 45782 | B80: A：一般 | C80: 一般 | E80: 3 | F80: =IF(C80="","",IFERROR(VLOOKUP(C80,[1]リスト!$B$3:$C$17,2,FALSE),"")) | G80: =IF(OR(E80="",F80=""),"",E80*F80) | H80: 2_春季展_後期
A81: 45782 | B81: A：一般 | C81: 一般（割引） | D81: JAF | E81: 1 | F81: =IF(C81="","",IFERROR(VLOOKUP(C81,[1]リスト!$B$3:$C$17,2,FALSE),"")) | G81: =IF(OR(E81="",F81=""),"",E81*F81) | H81: 2_春季展_後期
A82: 45782 | B82: B：シニア | C82: シニア | E82: 3 | F82: =IF(C82="","",IFERROR(VLOOKUP(C82,[1]リスト!$B$3:$C$17,2,FALSE),"")) | G82: =IF(OR(E82="",F82=""),"",E82*F82) | H82: 2_春季展_後期
A83: 45782 | B83: B：シニア | C83: シニア（割引） | D83: 朝日友の会 | E83: 1 | F83: =IF(C83="","",IFERROR(VLOOKUP(C83,[1]リスト!$B$3:$C$17,2,FALSE),"")) | G83: =IF(OR(E83="",F83=""),"",E83*F83) | H83: 2_春季展_後期
A84: 45783 | B84: A：一般 | C84: 一般 | E84: 1 | F84: =IF(C84="","",IFERROR(VLOOKUP(C84,[1]リスト!$B$3:$C$17,2,FALSE),"")) | G84: =IF(OR(E84="",F84=""),"",E84*F84) | H84: 2_春季展_後期
A85: 45783 | B85: B：シニア | C85: シニア | E85: 3 | F85: =IF(C85="","",IFERROR(VLOOKUP(C85,[1]リスト!$B$3:$C$17,2,FALSE),"")) | G85: =IF(OR(E85="",F85=""),"",E85*F85) | H85: 2_春季展_後期
A86: 45783 | B86: C：学生 | C86: 学生（割引） | D86: HP | E86: 1 | F86: =IF(C86="","",IFERROR(VLOOKUP(C86,[1]リスト!$B$3:$C$17,2,FALSE),"")) | G86: =IF(OR(E86="",F86=""),"",E86*F86) | H86: 2_春季展_後期
A87: 45785 | B87: B：シニア | C87: シニア | E87: 8 | F87: =IF(C87="","",IFERROR(VLOOKUP(C87,[1]リスト!$B$3:$C$17,2,FALSE),"")) | G87: =IF(OR(E87="",F87=""),"",E87*F87) | H87: 2_春季展_後期
A88: 45785 | B88: C：学生 | C88: 学生 | E88: 2 | F88: =IF(C88="","",IFERROR(VLOOKUP(C88,[1]リスト!$B$3:$C$17,2,FALSE),"")) | G88: =IF(OR(E88="",F88=""),"",E88*F88) | H88: 2_春季展_後期
A89: 45785 | B89: A：一般 | C89: 一般（特別優待） | D89: 特別優待割引 | E89: 1 | F89: =IF(C89="","",IFERROR(VLOOKUP(C89,[1]リスト!$B$3:$C$17,2,FALSE),"")) | G89: =IF(OR(E89="",F89=""),"",E89*F89) | H89: 2_春季展_後期
A90: 45785 | B90: B：シニア | C90: シニア（割引） | D90: HP | E90: 4 | F90: =IF(C90="","",IFERROR(VLOOKUP(C90,[1]リスト!$B$3:$C$17,2,FALSE),"")) | G90: =IF(OR(E90="",F90=""),"",E90*F90) | H90: 2_春季展_後期
A91: 45785 | B91: B：シニア | C91: シニア（割引） | D91: JAF | E91: 2 | F91: =IF(C91="","",IFERROR(VLOOKUP(C91,[1]リスト!$B$3:$C$17,2,FALSE),"")) | G91: =IF(OR(E91="",F91=""),"",E91*F91) | H91: 2_春季展_後期
A92: 45785 | B92: B：シニア | C92: シニア（割引） | D92: 朝日友の会 | E92: 1 | F92: =IF(C92="","",IFERROR(VLOOKUP(C92,[1]リスト!$B$3:$C$17,2,FALSE),"")) | G92: =IF(OR(E92="",F92=""),"",E92*F92) | H92: 2_春季展_後期
A93: 45786 | B93: B：シニア | C93: シニア | E93: 1 | F93: =IF(C93="","",IFERROR(VLOOKUP(C93,[1]リスト!$B$3:$C$17,2,FALSE),"")) | G93: =IF(OR(E93="",F93=""),"",E93*F93) | H93: 2_春季展_後期
A94: 45786 | B94: E：身障者 | C94: 身障者 | E94: 2 | F94: =IF(C94="","",IFERROR(VLOOKUP(C94,[1]リスト!$B$3:$C$17,2,FALSE),"")) | G94: =IF(OR(E94="",F94=""),"",E94*F94) | H94: 2_春季展_後期
A95: 45787 | B95: A：一般 | C95: 一般 | E95: 4 | F95: =IF(C95="","",IFERROR(VLOOKUP(C95,[1]リスト!$B$3:$C$17,2,FALSE),"")) | G95: =IF(OR(E95="",F95=""),"",E95*F95) | H95: 2_春季展_後期
A96: 45787 | B96: A：一般 | C96: 一般（割引） | D96: HP | E96: 1 | F96: =IF(C96="","",IFERROR(VLOOKUP(C96,[1]リスト!$B$3:$C$17,2,FALSE),"")) | G96: =IF(OR(E96="",F96=""),"",E96*F96) | H96: 2_春季展_後期
A97: 45787 | B97: A：一般 | C97: 一般（割引） | D97: 優待割引 | E97: 1 | F97: =IF(C97="","",IFERROR(VLOOKUP(C97,[1]リスト!$B$3:$C$17,2,FALSE),"")) | G97: =IF(OR(E97="",F97=""),"",E97*F97) | H97: 2_春季展_後期
A98: 45787 | B98: B：シニア | C98: シニア | E98: 2 | F98: =IF(C98="","",IFERROR(VLOOKUP(C98,[1]リスト!$B$3:$C$17,2,FALSE),"")) | G98: =IF(OR(E98="",F98=""),"",E98*F98) | H98: 2_春季展_後期
A99: 45788 | B99: A：一般 | C99: 一般 | E99: 2 | F99: =IF(C99="","",IFERROR(VLOOKUP(C99,[1]リスト!$B$3:$C$17,2,FALSE),"")) | G99: =IF(OR(E99="",F99=""),"",E99*F99) | H99: 2_春季展_後期
A100: 45788 | B100: A：一般 | C100: 一般（割引） | D100: JAF | E100: 1 | F100: =IF(C100="","",IFERROR(VLOOKUP(C100,[1]リスト!$B$3:$C$17,2,FALSE),"")) | G100: =IF(OR(E100="",F100=""),"",E100*F100) | H100: 2_春季展_後期
...

Sheet リスト
B2: 入場者分類 | C2: 金額 | D2: 分類コード | H2: 割引リスト | I2: 割引コード
B3: 一般 | C3: 600 | D3: A：一般 | H3: HP | I3: 01
B4: 一般（割引） | C4: 500 | D4: A：一般 | H4: 優待割引 | I4: 02
B5: 一般（特別優待） | C5: 400 | D5: A：一般 | H5: 特別優待割引 | I5: 03
B6: シニア | C6: 500 | D6: B：シニア | H6: JAF | I6: 04
B7: シニア（割引） | C7: 400 | D7: B：シニア | H7: 朝日友の会 | I7: 05
B8: 学生 | C8: 500 | D8: C：学生 | H8: リロクラブ | I8: 06
B9: 学生（割引） | C9: 400 | D9: C：学生 | H9: 奈良ファンクラブ | I9: 07
B10: 小中学生 | C10: 250 | D10: D：小中学生 | H10: アートフェスタ | I10: 08
B11: 小中学生（割引） | C11: 200 | D11: D：小中学生 | H11: 団体 | I11: 09
B12: 小中学生（無料） | C12: 0 | D12: D：小中学生 | H12: その他 | I12: 10
B13: 身障者 | C13: 300 | D13: E：身障者 | H13: コンサート | I13: 11
B14: シニア（特別優待） | C14: 300 | D14: B：シニア | H14: まほろばパス | I14: 12
B15: 学生（特別優待） | C15: 300 | D15: C：学生
B16: 招待券 | C16: 0 | D16: F：招待券
B17: 学生（無料） | C17: 0 | D17: C：学生
B18: その他 | C18: 0 | D18: Z：その他
